{"_wandb":{"runtime":921},"_timestamp":1.7307670450563295e+09,"_runtime":921.37326122,"_step":49999,"loss":0.03185372054576874}