{"loss":0.27856165170669556,"_timestamp":1.7307660810004134e+09,"_runtime":7.472819569,"_step":379,"_wandb":{"runtime":7}}