{"_runtime":887.096301072,"_wandb":{"runtime":887},"_step":49999,"loss":0.038968466222286224,"_timestamp":1.7308575714640405e+09}