{"_step":4578,"loss":0.07513757795095444,"_wandb":{"runtime":378},"_timestamp":1.7308562906802602e+09,"_runtime":378.533143196}