{"_wandb":{"runtime":891},"loss":0.05006047710776329,"_timestamp":1.7307828000723715e+09,"_runtime":891.296165982,"_step":49999}