{"_runtime":6.650302791,"_step":43,"_wandb":{"runtime":6},"loss":0.6353067755699158,"_timestamp":1.7308565381143398e+09}