{"loss":0.14549429714679718,"_timestamp":1.730856495084799e+09,"_runtime":76.011820456,"_wandb":{"runtime":76},"_step":1201}