{"_step":89,"loss":0.5042509436607361,"_timestamp":1.7308563480269344e+09,"_runtime":9.431601714,"_wandb":{"runtime":9}}